geo_point_2d;geo_shape;insee;ident;siret;infor;adresse;exploit;th_heur;th_nuit;ta_moivel;th_quar;th_10;np_pmr;ta_type;ta_nres7j;ta_titul;libres;np_veltot;np_2rele;np_hgsup;np_stlav;np_covoit;prepaye;nb_niv;th_4;ta_ntitul;th_3;th_2;th_24;gabari_max;mdate;url;np_vle;np_fourr;th_demi;secteur;np_global;np_velec;gid;gabari_std;titul;propr;np_mobalt;ta_handi;np_hginf;connecte;np_pr;etat;nom;total;typgest;type;an_serv;ta_resmoi;np_2rmot;cdate;np_total;tv_1h;ta_moimot
44.8398053, -0.5830848;"{""coordinates"": [-0.5830848, 44.8398053], ""type"": ""Point""}";33063;CUBPK31;453 335 069 00010;Abonnés seulement;Rue Georges Bonnac 33000 Bordeaux;METPARK;;;;;;4;PAYANT_RESERVE_ABONNES;125.0;;;0;0;0;0;0;0.0;1;;;;;;1.8;2024-04-16T06:45:00+00:00;https://www.mtpk.fr/;6;0;;HYPER_CENTRE;169;0;248;1.8;METPARK;BORDEAUX_METROPOLE;0;NORMAL_PAYANT;0;0;0;OUVERT;Bonnac;;REGIE_AUTONOME;ENTERRE;2009;80.0;0;2018-06-01T00:00:00+00:00;169;2.5;45.0
44.8223342, -0.5552405;"{""coordinates"": [-0.5552405, 44.8223342], ""type"": ""Point""}";33063;CUBPK94;320 229 644 05241;accès identique pour P4 et P3 Indigo Belcier - Saint Jean;Pont du Guit - angle rue des Gamins 33800 Bordeaux;INDIGO_PARK;8.0;;;2.0;33.0;16;PAYANT_TARIF_HORAIRE;;;0;19;0;0;0;0;0.0;6;18.0;;15.2;12.4;33.0;1.88;2024-10-01T08:14:54+00:00;https://www.group-indigo.com/fr/reference/parking-p3-gare-saint-jean-belcier/;11;0;4.0;CENTRE;765;0;503;1.88;INDIGO_INFRA_FRANCE;SNCF;0;NORMAL_PAYANT;0;1;0;COMPLET;P4 Belcier -  Gare Saint Jean;600;AUTORISATION_OCCUPATION_TEMPORAIRE;SILO;2019;;37;2019-10-01T13:43:51+00:00;765;1.8;
44.8290196, -0.5564456;"{""coordinates"": [-0.5564456, 44.8290196], ""type"": ""Point""}";33063;CUBPK86;43161642400062;;Rue de Saget 33800 Bordeaux;INDIGO_TPS;2.0;4.0;;0.5;12.0;3;PAYANT_TARIF_HORAIRE;50.0;;;0;0;0;0;0;0.0;1;6.0;;4.8;3.6;16.0;4.0;2023-04-24T08:46:08+00:00;https://fr.parkindigo.com/parking/bordeaux-33800/bordeaux-saint-jean-33002600;0;0;1.0;CENTRE;137;0;332;4.0;AUTRE;AUTRE;0;NORMAL_PAYANT;137;0;0;OUVERT;Carrefour - Saint Jean;;GESTION_PRIVEE;SURFACE;2018;50.0;0;2018-11-23T15:40:00+00:00;137;1.8;
44.8837545, -0.569131;"{""coordinates"": [-0.569131, 44.8837545], ""type"": ""Point""}";33063;CUBPK84;80822705200012;abonnement annuel Riverain nocturne 300€ et forfait court-séjour, 3.5€ pour tous les occupants du VL;Rue du Professeur Andre Lavignolle 33000 Bordeaux;KEOLIS;3.5;;0.0;3.5;3.5;5;PAYANT_TARIF_PARC_RELAIS;;0.0;178;20;0;0;0;10;0.0;1;3.5;3.5;3.5;3.5;;2.1;2024-10-01T08:11:31+00:00;https://www.infotbm.com/fr/parc-relais;0;0;3.5;PERIPHERIE;200;5;255;2.1;TBM;BORDEAUX_METROPOLE;0;AUTRE;0;1;200;LIBRE;Parc-Relais Quarante Journaux;200;DELEGATION_DE_SERVICE_PUBLIC_POUR_BORDEAUX_METROPOLE;SURFACE;2018;;5;2018-06-01T00:00:00+00:00;200;0.0;
44.8882821, -0.5177862;"{""coordinates"": [-0.5177862, 44.8882821], ""type"": ""Point""}";33032;CUBPK49;80822705200012;3.5€ pour tous les occupants du VL, forfait court séjour;Chemin du Grand Came 33310 Lormont;KEOLIS;3.5;;0.0;3.5;3.5;5;PAYANT_TARIF_PARC_RELAIS;;0.0;76;30;0;0;0;5;0.0;1;3.5;3.5;3.5;3.5;;2.2;2024-10-01T08:11:31+00:00;https://www.infotbm.com/fr/parc-relais;0;0;3.5;PERIPHERIE;242;7;211;2.2;TBM;BORDEAUX_METROPOLE;0;NORMAL_PAYANT;0;1;242;LIBRE;Parc-Relais La Gardette Nord;242;DELEGATION_DE_SERVICE_PUBLIC_POUR_BORDEAUX_METROPOLE;SURFACE;2008;;0;2018-06-01T00:00:00+00:00;242;0.0;
44.7974714, -0.5527252;"{""coordinates"": [-0.5527252, 44.7974714], ""type"": ""Point""}";33039;CUBPK60;80822705200012;4.5€ pour 1 à 5 passagers dans le VL;Avenue Lénine 33130 Bègles;KEOLIS;4.5;;0.0;4.5;4.5;4;PAYANT_TARIF_PARC_RELAIS;;0.0;193;30;0;0;0;5;0.0;1;4.5;4.5;4.5;4.5;;2.1;2024-10-01T08:11:31+00:00;https://www.infotbm.com/fr/parc-relais;0;0;4.5;PERIPHERIE;193;7;212;2.1;TBM;BORDEAUX_METROPOLE;0;AUTRE;0;1;193;FERME;Parc-Relais Gare De Begles;193;DELEGATION_DE_SERVICE_PUBLIC_POUR_BORDEAUX_METROPOLE;SURFACE;2015;;0;2018-06-01T00:00:00+00:00;193;0.0;
44.9189434, -0.6220381;"{""coordinates"": [-0.6220381, 44.9189434], ""type"": ""Point""}";33075;CUBPK76;80822705200012;4.5€ pour 1 à 5 passagers dans le VL;Rue Jean Duvert 33290 Blanquefort;KEOLIS;4.5;;;4.5;4.5;5;PAYANT_TARIF_PARC_RELAIS;;0.0;0;0;0;0;0;5;0.0;1;4.5;4.5;4.5;4.5;;2.1;2024-10-01T08:11:31+00:00;https://www.infotbm.com/fr/parc-relais;0;0;4.5;PERIPHERIE;206;0;214;2.1;TBM;BORDEAUX_METROPOLE;0;AUTRE;0;1;206;COMPLET;Parc-Relais Gare De Blanquefort;206;DELEGATION_DE_SERVICE_PUBLIC_POUR_BORDEAUX_METROPOLE;SURFACE;2016;;0;2018-06-01T00:00:00+00:00;206;0.0;
44.8400091, -0.5830064;"{""coordinates"": [-0.5830064, 44.8400091], ""type"": ""Point""}";33063;CUBPK24;453 335 069 00010;Vélos: 45€/an ou 10€/mois;Rue Edmond Michelet 33000 Bordeaux;METPARK;3.2;6.0;10.0;0.8;20.0;10;PAYANT_TARIF_HORAIRE;125.0;;468;30;0;0;8;0;0.0;3;11.2;;8.8;6.4;20.0;1.8;2024-10-01T08:13:30+00:00;https://www.mtpk.fr/;2;0;1.6;HYPER_CENTRE;473;0;222;1.8;METPARK;BORDEAUX_METROPOLE;0;NORMAL_PAYANT;0;1;0;FERME;Gambetta;475;REGIE_AUTONOME;ENTERRE;1981;80.0;20;2018-06-01T00:00:00+00:00;473;2.5;45.0
44.8437208, -0.5704253;"{""coordinates"": [-0.5704253, 44.8437208], ""type"": ""Point""}";33063;CUBPK02;43161642400062;Abonnement gratuit pour les vélos;Place Jean Jaures - 33000  BORDEAUX;INDIGO_TPS;2.7;6.7;0.0;0.7;21.1;34;PAYANT_TARIF_HORAIRE;172.0;;866;60;0;0;3;0;0.0;7;10.7;;8.6;6.6;29.0;2.6;2024-10-01T08:13:10+00:00;https://fr.parkindigo.com/parking/bordeaux-33000/bourse-jean-jaures-u3300100;5;0;1.4;HYPER_CENTRE;1661;0;227;2.0;BP3000;BORDEAUX_METROPOLE;0;NORMAL_PAYANT;20;1;0;LIBRE;Bourse - Jaures;1300;DELEGATION_DE_SERVICE_PUBLIC_POUR_BORDEAUX_METROPOLE;ENTERRE;2004;86.0;44;2018-06-01T00:00:00+00:00;1661;2.5;38.0
44.8290368, -0.6033091;"{""coordinates"": [-0.6033091, 44.8290368], ""type"": ""Point""}";33063;CUBPK08;320 229 644 05241;2320 sur l'ensemble du CHU;Place Amelie Raba-Leon - 33100 BORDEAUX;INDIGO_PARK;1.5;;;0.0;15.1;45;PAYANT_TARIF_HORAIRE;;;;484;0;0;0;0;0.0;1;6.6;;5.3;3.5;15.1;4.0;2024-03-29T14:03:55+00:00;https://fr.parkindigo.com/parking/bordeaux-33076/groupe-hospitalier-pellegrin-33000800;0;0;0.0;CENTRE;2376;0;250;4.0;INDIGO_INFRA_FRANCE;CHU_GROUPE_HOSPITALIER_PELLEGRIN;0;NORMAL_PAYANT;0;0;0;OUVERT;Chu Groupe Hospitalier Pellegrin;;DELEGATION_DE_SERVICE_PUBLIC_POUR_LE_CHU;SURFACE;2012;;0;2018-06-01T00:00:00+00:00;2376;0.0;
44.8554013, -0.5956902;"{""coordinates"": [-0.5956902, 44.8554013], ""type"": ""Point""}";33069;CUBPK38;453 335 069 00010;"ancien nom; BARRIERE DU MEDOC";Avenue de la Libération 33110 Le Bouscat;METPARK;2.4;3.0;;0.6;8.0;3;PAYANT_TARIF_HORAIRE;70.0;;7;0;0;0;0;0;0.0;2;8.0;;6.4;4.4;8.0;1.8;2024-10-01T08:13:33+00:00;https://www.mtpk.fr/;2;0;1.2;PERIPHERIE;138;0;257;1.8;METPARK;BORDEAUX_METROPOLE;0;NORMAL_PAYANT;0;1;0;LIBRE;Liberation;119;REGIE_AUTONOME;ENTERRE;1974;50.0;4;2018-06-01T00:00:00+00:00;138;1.8;30.0
44.8539048, -0.5966865;"{""coordinates"": [-0.5966865, 44.8539048], ""type"": ""Point""}";33069;CUBPK74;453 335 069 00010;ancien nom: IDDAC;Avenue d'Eysines 33200 Bordeaux;METPARK;2.4;3.0;;0.6;8.0;0;PAYANT_TARIF_HORAIRE;70.0;;0;0;0;0;0;0;0.0;1;8.0;;6.4;4.4;8.0;2.1;2024-10-01T08:13:42+00:00;https://www.mtpk.fr/;0;0;1.2;PERIPHERIE;83;0;258;2.1;METPARK;BORDEAUX_METROPOLE;0;NORMAL_PAYANT;0;1;0;COMPLET;Laharpe;50;REGIE_AUTONOME;SURFACE;2016;50.0;0;2018-06-01T00:00:00+00:00;83;0.0;
44.8651709, -0.5245093;"{""coordinates"": [-0.5245093, 44.8651709], ""type"": ""Point""}";33249;CUBPK45;80822705200012;4.5€ pour tous les occupants du VL;Route de Bordeaux 33130 Lormont;KEOLIS;4.5;;0.0;4.5;4.5;16;PAYANT_TARIF_PARC_RELAIS;;0.0;0;26;0;0;0;10;0.0;5;4.5;4.5;4.5;4.5;;1.9;2024-10-01T08:11:31+00:00;https://www.infotbm.com/fr/parc-relais;0;0;4.5;PERIPHERIE;611;6;265;1.9;TBM;BORDEAUX_METROPOLE;0;AUTRE;0;1;611;COMPLET;Parc-Relais Buttiniere;601;DELEGATION_DE_SERVICE_PUBLIC_POUR_BORDEAUX_METROPOLE;SILO;2004;;52;2018-06-01T00:00:00+00:00;611;0.0;
44.8268599, -0.6252913;"{""coordinates"": [-0.6252913, 44.8268599], ""type"": ""Point""}";33281;CUBPK41;80822705200012;abonnement annuel Riverain nocturne 300€;Avenue François Mitterrand 33700 Merignac;KEOLIS;4.5;;0.0;4.5;4.5;9;PAYANT_TARIF_PARC_RELAIS;;0.0;57;30;0;0;0;10;0.0;5;4.5;4.5;4.5;4.5;;2.1;2024-10-01T08:11:31+00:00;https://www.infotbm.com/fr/parc-relais;6;0;4.5;PERIPHERIE;397;6;269;2.1;TBM;BORDEAUX_METROPOLE;0;NORMAL_PAYANT;0;1;397;LIBRE;Parc-Relais Arlac;398;DELEGATION_DE_SERVICE_PUBLIC_POUR_BORDEAUX_METROPOLE;SILO;2008;;32;2018-06-01T00:00:00+00:00;397;0.0;
44.8315424, -0.6458586;"{""coordinates"": [-0.6458586, 44.8315424], ""type"": ""Point""}";33281;CUBPK53;80822705200012;3.5€ pour tous les occupants du VL, forfait court séjour;250 Avenue de la Marne 33700 Mérignac;KEOLIS;3.5;;0.0;3.5;3.5;8;PAYANT_TARIF_PARC_RELAIS;;0.0;291;14;6;0;0;10;0.0;5;3.5;3.5;3.5;3.5;;2.0;2024-10-01T08:11:31+00:00;https://www.infotbm.com/fr/parc-relais;4;0;3.5;PERIPHERIE;398;0;270;2.0;TBM;BORDEAUX_METROPOLE;0;NORMAL_PAYANT;0;1;398;LIBRE;Parc-Relais Quatre Chemins;398;DELEGATION_DE_SERVICE_PUBLIC_POUR_BORDEAUX_METROPOLE;SILO;2008;;38;2018-06-01T00:00:00+00:00;398;0.0;
44.843274, -0.5587228;"{""coordinates"": [-0.5587228, 44.843274], ""type"": ""Point""}";33063;CUBPK87;43161642400062;1h30 gratuite sur ticket Carrefour;Allee Serr 33100 Bordeaux;INDIGO_TPS;3.2;12.0;;1.0;14.8;3;PAYANT_TARIF_HORAIRE;90.0;;;0;0;0;0;0;0.0;1;11.0;;9.7;7.4;26.8;1.9;2024-02-28T14:17:34+00:00;https://fr.parkindigo.com/parking/bordeaux-33000/bordeaux-bastide-33001900;0;0;2.0;CENTRE;158;0;333;1.9;AUTRE;AUTRE;0;NORMAL_PAYANT;158;0;0;OUVERT;Ups Carrefour Bastide;;GESTION_PRIVEE;ENTERRE;2018;90.0;0;2018-11-23T15:41:00+00:00;158;1.8;
44.7744313, -0.5641665;"{""coordinates"": [-0.5641665, 44.7744313], ""type"": ""Point""}";33550;CUBPK91;80822705200012;399 places ouvertes à mi 2023, 3.5€ pour tous les occupants du VL, forfait court séjour;Avenue des Pyrénées 33140 Villenave d'Ornon;KEOLIS;3.5;;0.0;3.5;3.5;20;PAYANT_TARIF_PARC_RELAIS;;0.0;166;56;0;0;0;20;0.0;4;3.5;3.5;3.5;3.5;;1.9;2024-10-01T08:11:31+00:00;https://www.infotbm.com/fr/parc-relais;20;0;3.5;PERIPHERIE;753;4;451;1.9;TBM;BORDEAUX_METROPOLE;0;NORMAL_PAYANT;0;1;753;LIBRE;Parc-Relais Villenave Pyrenees;399;DELEGATION_DE_SERVICE_PUBLIC_POUR_BORDEAUX_METROPOLE;SILO;2019;;28;2019-02-05T15:41:59+00:00;753;0.0;
44.9188127, -0.6232293;"{""coordinates"": [-0.6232293, 44.9188127], ""type"": ""Point""}";33075;CUBPK90;243 300 316 00011;Parking provisoire gratuit, attente extension P+R;Rue Jean Duvert 33290 Blanquefort;BORDEAUX_METROPOLE;0.0;0.0;0.0;0.0;0.0;4;GRATUIT;0.0;;;0;0;0;0;0;0.0;0;0.0;;0.0;0.0;0.0;;2024-04-04T13:44:06+00:00;;0;0;0.0;PERIPHERIE;151;0;450;;AUTRE;BORDEAUX_METROPOLE;0;GRATUIT;0;0;0;OUVERT;Gare Blanquefort;;AUTRE;SURFACE;2018;0.0;0;2019-01-04T16:19:00+00:00;151;0.0;0.0
44.8496312, -0.5703787;"{""coordinates"": [-0.5703787, 44.8496312], ""type"": ""Point""}";33063;CUBPK27;453 335 069 00010;moins 40% pour abonnements aux titulaires  carte européenne Mobilité inclusion;20 Quai des Chartrons 33000 Bordeaux;METPARK;3.2;6.0;;0.8;20.0;14;PAYANT_TARIF_HORAIRE;120.0;;173;0;0;0;2;0;0.0;4;11.2;;8.8;6.4;20.0;1.8;2024-10-01T08:13:39+00:00;https://www.mtpk.fr/;2;0;1.6;HYPER_CENTRE;844;0;229;1.8;METPARK;BORDEAUX_METROPOLE;3;AUTRE;0;1;0;LIBRE;Cite Mondiale;842;REGIE_AUTONOME;ENTERRE;1992;75.0;0;2018-06-01T00:00:00+00:00;844;2.5;
44.8464297, -0.5729482;"{""coordinates"": [-0.5729482, 44.8464297], ""type"": ""Point""}";33063;CUBPK18;453 335 069 00010;11 places pour Autocars à 8€ la 1e heure;Allées de Bristol 33000 Bordeaux;METPARK;3.2;6.0;10.0;0.8;20.0;8;PAYANT_TARIF_HORAIRE;110.0;;83;0;0;12;0;0;0.0;1;11.2;;8.8;6.4;20.0;4.0;2024-10-01T08:14:16+00:00;https://www.mtpk.fr/;2;0;1.6;HYPER_CENTRE;399;0;233;4.0;METPARK;BORDEAUX_METROPOLE;5;NORMAL_PAYANT;20;1;0;LIBRE;Allees De Chartres;409;REGIE_AUTONOME;SURFACE;2005;70.0;0;2018-06-01T00:00:00+00:00;399;2.5;
44.8382624, -0.5569718;"{""coordinates"": [-0.5569718, 44.8382624], ""type"": ""Point""}";33063;CUBPK55;80822705200012;4.5€ pour 1 à 5 passagers dans le VL;Rue Letellier 33000 Bordeaux;KEOLIS;4.5;;0.0;4.5;4.5;6;PAYANT_TARIF_PARC_RELAIS;;0.0;0;20;0;0;0;5;0.0;1;4.5;4.5;4.5;4.5;;1.9;2024-10-01T08:11:31+00:00;https://www.infotbm.com/fr/parc-relais;0;0;4.5;PERIPHERIE;214;0;234;1.9;TBM;BORDEAUX_METROPOLE;0;AUTRE;0;1;214;COMPLET;Parc-Relais Stalingrad;214;DELEGATION_DE_SERVICE_PUBLIC_POUR_BORDEAUX_METROPOLE;SURFACE;2004;;20;2018-06-01T00:00:00+00:00;214;1.8;
44.8380143, -0.5687112;"{""coordinates"": [-0.5687112, 44.8380143], ""type"": ""Point""}";33063;CUBPK17;453 335 069 00010;Moins 40% pour abonnements aux titulaires  carte européenne Mobilité inclusion;11 rue Alsace Lorraine 33000 Bordeaux;METPARK;;;;;;0;PAYANT_RESERVE_ABONNES;100.0;;;0;0;0;0;0;0.0;5;;;;;;1.8;2024-04-16T12:20:10+00:00;https://www.mtpk.fr/;0;0;;HYPER_CENTRE;120;0;243;1.8;METPARK;BORDEAUX_METROPOLE;0;AUTRE;0;0;0;OUVERT;Alsace Lorraine;;REGIE_AUTONOME;ENTERRE;1983;85.0;0;2018-06-01T00:00:00+00:00;1250;2.5;
44.868649, -0.5636551;"{""coordinates"": [-0.5636551, 44.868649], ""type"": ""Point""}";33063;CUBPK103;320 229 644 05241;;29 rue Lucien Faure 33100 Bordeaux;INDIGO_PARK;2.8;21.0;0.0;0.7;21.0;15;PAYANT_TARIF_HORAIRE;130.0;;203;56;0;0;0;0;0.0;5;11.2;;8.4;5.6;28.0;1.85;2024-10-01T08:16:22+00:00;https://fr.parkindigo.com/parking/bordeaux-33300/les-bassins-33001700;3;0;1.4;CENTRE;424;0;743;1.85;INDIGO_PARK;AUTRE;0;NORMAL_PAYANT;0;1;0;LIBRE;Les Bassins;274;GESTION_PRIVEE;SILO;2021;;0;2021-06-16T15:24:34+00:00;424;1.8;65.0
44.8379111, -0.576216;"{""coordinates"": [-0.576216, 44.8379111], ""type"": ""Point""}";33063;CUBPK25;453 335 069 00010;Vélos: 45€/an ou 10€/mois, Moins 40% pour abonnements aux titulaires  carte européenne Mobilité inclusion;Place Pey Berland 33000 Bordeaux;METPARK;3.2;6.0;10.0;0.8;20.0;18;PAYANT_TARIF_HORAIRE;125.0;;261;35;0;0;6;0;0.0;3;11.2;;8.8;6.4;20.0;1.8;2024-10-01T08:13:29+00:00;https://www.mtpk.fr/;4;0;1.6;HYPER_CENTRE;667;0;218;1.8;METPARK;BORDEAUX_METROPOLE;0;AUTRE;0;1;0;LIBRE;Pey Berland - Saint Christoly;662;REGIE_AUTONOME;ENTERRE;1984;80.0;38;2018-06-01T00:00:00+00:00;667;2.5;45.0
44.8254904, -0.5485224;"{""coordinates"": [-0.5485224, 44.8254904], ""type"": ""Point""}";33063;CUBPK104;32022964405241;"entrée VL derrière le batiment par rue de la Seiglière, puis à gauche; propriétaire Indigo infra; 413 places dont 50 amodiations, soit 363 places ouvertes";102 quai de Paludate 33800 Bordeaux;INDIGO_PARK;2.4;6.0;;0.6;20.0;9;PAYANT_TARIF_HORAIRE;108.0;;223;0;0;0;0;0;0.0;5;9.6;;7.2;4.8;26.0;1.9;2024-10-01T08:14:24+00:00;https://fr.parkindigo.com/parkings-france/bordeaux;6;0;1.2;CENTRE;363;0;773;1.9;INDIGO_PARK;AUTRE;0;NORMAL_PAYANT;0;1;0;LIBRE;Brienne;300;GESTION_PRIVEE;SILO;2021;108.0;20;2021-10-07T14:46:02+00:00;363;1.8;54.0
44.8276873, -0.5562101;"{""coordinates"": [-0.5562101, 44.8276873], ""type"": ""Point""}";33063;CUBPK105;453 335 069 000 10;pour plus de 2 heures l'arrêt minute est très cher Se reporter sur les places du Parking Saint Jean;Rue Charles Domerq  Nord33800 Bordeaux;METPARK;12.0;;;3.0;57.0;1;PAYANT_TARIF_HORAIRE;;;36;0;0;0;0;0;0.0;1;33.0;;27.0;21.0;57.0;1.8;2024-10-01T08:13:23+00:00;https://www.mtpk.fr/;0;0;6.0;CENTRE;46;0;783;1.8;METPARK;SNCF_GARES_ET_CONNEXIONS_BAIL_45_ANS;0;NORMAL_PAYANT;0;1;0;LIBRE;Gare Saint Jean Arret Minute P1 Nord;46;CONCESSION_DE_SERVICE;ENTERRE;1990;;0;2021-11-04T15:00:43+00:00;46;1.8;
44.8423537, -0.5798571;"{""coordinates"": [-0.5798571, 44.8423537], ""type"": ""Point""}";33063;CUBPK15;37888823401562;;Cours Georges Clemenceau 33000 Bordeaux;Q_PARK;3.4;;;0.8;30.0;7;PAYANT_TARIF_HORAIRE;200.0;;140;0;0;0;2;0;0.0;7;13.4;;9.8;6.8;36.0;1.9;2024-10-01T08:13:12+00:00;https://www.q-park.fr/fr-fr/villes/bordeaux/clémenceau-auditorium/;10;0;1.6;HYPER_CENTRE;379;0;246;1.9;Q_PARK;Q_PARK;0;NORMAL_PAYANT;0;1;0;LIBRE;Clemenceau;379;GESTION_PRIVEE;ENTERRE;2014;200.0;18;2018-06-01T00:00:00+00:00;379;2.5;42.0
44.8291288, -0.5633484;"{""coordinates"": [-0.5633484, 44.8291288], ""type"": ""Point""}";33063;CUBPK04;43161642400062;Abonnement gratuit pour les vélos;Sous la Place André Meunier - 33000  BORDEAUX;INDIGO_TPS;2.3;6.7;0.0;0.5;13.5;7;PAYANT_TARIF_HORAIRE;109.9;;103;30;0;0;0;0;0.0;4;6.6;;5.3;4.0;20.2;1.9;2024-10-01T08:13:26+00:00;https://fr.parkindigo.com/parking/bordeaux-33800/meunier-u3300300;17;0;1.2;CENTRE;330;0;247;1.9;BP3000;BORDEAUX_METROPOLE;0;NORMAL_PAYANT;0;1;0;LIBRE;Meunier - Saint Jean;323;DELEGATION_DE_SERVICE_PUBLIC_POUR_BORDEAUX_METROPOLE;ENTERRE;2012;57.4;20;2018-06-01T00:00:00+00:00;330;1.8;38.0
44.9446852, -0.6181408;"{""coordinates"": [-0.6181408, 44.9446852], ""type"": ""Point""}";33312;CUBPK96;243 300 316 00011;;Rue de la Fraternité 33290 Parempuyre;BORDEAUX_METROPOLE;0.0;0.0;0.0;0.0;0.0;4;GRATUIT;0.0;;;12;0;0;0;10;0.0;0;0.0;;0.0;0.0;0.0;2.2;2024-04-04T13:44:20+00:00;;2;0;0.0;PERIPHERIE;151;0;603;2.2;BORDEAUX_METROPOLE;BORDEAUX_METROPOLE;0;GRATUIT;0;0;0;OUVERT;Gare Parempuyre;;AUTRE;SURFACE;2009;0.0;0;2020-01-10T14:43:55+00:00;151;0.0;0.0
44.807671, -0.5397772;"{""coordinates"": [-0.5397772, 44.807671], ""type"": ""Point""}";33039;CUBPK72;453 335 069 00010;Vélos: 45€/an ou 10€/mois;13 allee des Francs 33130 Bègles;METPARK;2.4;3.0;10.0;0.6;8.0;9;PAYANT_TARIF_HORAIRE;70.0;;227;19;0;0;0;0;0.0;3;8.0;;6.4;4.4;8.0;3.0;2024-10-01T08:14:30+00:00;https://www.mtpk.fr/;8;0;1.2;PERIPHERIE;405;0;213;1.9;METPARK;METPARK;0;NORMAL_PAYANT;0;1;0;LIBRE;Begles Les Secheries;405;REGIE_AUTONOME;SILO;2016;50.0;6;2018-06-01T00:00:00+00:00;405;0.0;45.0
44.844251, -0.5766115;"{""coordinates"": [-0.5766115, 44.844251], ""type"": ""Point""}";33063;CUBPK03;43161642400062;Abonnement gratuit pour les vélos;Allées de Tourny - 33000  BORDEAUX;INDIGO_TPS;2.6;6.5;0.0;0.7;20.9;20;PAYANT_TARIF_HORAIRE;179.4;;398;15;0;0;6;0;0.0;2;10.5;;8.5;6.5;28.6;1.85;2024-10-01T08:13:27+00:00;https://fr.parkindigo.com/parking/bordeaux-33000/tourny-u3300500;48;0;1.3;HYPER_CENTRE;957;0;217;1.85;BP3000;BORDEAUX_METROPOLE;0;NORMAL_PAYANT;0;1;0;LIBRE;Tourny;950;DELEGATION_DE_SERVICE_PUBLIC_POUR_BORDEAUX_METROPOLE;ENTERRE;1974;89.7;11;2018-06-01T00:00:00+00:00;957;2.5;38.0
44.8362853, -0.5857737;"{""coordinates"": [-0.5857737, 44.8362853], ""type"": ""Point""}";33063;CUBPK34;453 335 069 00010;Vélos: 45€/an ou 10€/1mois, 37 places vélos-cargos;Rue Jean Fleuret 33000 Bordeaux;METPARK;3.2;6.0;10.0;0.8;20.0;9;PAYANT_TARIF_HORAIRE;110.0;;179;218;0;0;0;0;0.0;3;11.2;;8.8;6.4;20.0;1.8;2024-10-01T08:13:35+00:00;https://www.mtpk.fr/;0;248;1.6;HYPER_CENTRE;669;20;221;1.8;METPARK;BORDEAUX_METROPOLE;0;NORMAL_PAYANT;0;1;0;LIBRE;Huit Mai 45;440;REGIE_AUTONOME;SILO;1979;70.0;20;2018-06-01T00:00:00+00:00;421;1.8;40.0
44.829979, -0.5670322;"{""coordinates"": [-0.5670322, 44.829979], ""type"": ""Point""}";33063;CUBPK19;449 513 639 00012;telephone parking 05 56 31 47 27;Place des Capucins 33800 Bordeaux;GERAUD;2.0;;;0.9;11.5;6;PAYANT_TARIF_HORAIRE;75.0;;152;10;0;0;0;0;0.0;2;6.0;;4.5;3.5;18.0;1.9;2024-10-01T08:14:27+00:00;https://www.bordeaux.fr/l515/parking-capucins;0;0;1.8;CENTRE;270;0;223;1.9;GERAUD;VILLE_DE_BORDEAUX;0;NORMAL_PAYANT;0;1;0;LIBRE;Capucins;270;DELEGATION_DE_SERVICE_PUBLIC_POUR_LA_VILLE_DE_BORDEAUX;SILO;1999;75.0;20;2018-06-01T00:00:00+00:00;270;2.5;30.0
44.8351853, -0.5643595;"{""coordinates"": [-0.5643595, 44.8351853], ""type"": ""Point""}";33063;CUBPK05;43161642400062;PLANS PARKING SUR  https://opendata.bordeaux-metropole.fr/backoffice/catalog/datasets/st_park_p/#export    Park remis en service le 26/10/2020;12 Quais des Salinières - 33000 BORDEAUX;INDIGO_TPS;2.3;6.7;0.0;0.5;13.5;8;PAYANT_TARIF_HORAIRE;109.9;;125;62;0;0;0;0;0.0;5;6.6;;5.3;4.0;20.2;2.6;2024-10-01T08:13:10+00:00;https://fr.parkindigo.com/parking/bordeaux-33800/salinieres-u3300400;21;0;1.2;HYPER_CENTRE;407;0;228;2.0;BP3000;BORDEAUX_METROPOLE;0;NORMAL_PAYANT;10;1;0;LIBRE;Salinieres;400;DELEGATION_DE_SERVICE_PUBLIC_POUR_BORDEAUX_METROPOLE;ENTERRE;2003;57.4;16;2018-06-01T00:00:00+00:00;407;1.8;38.0
44.8223325, -0.5551923;"{""coordinates"": [-0.5551923, 44.8223325], ""type"": ""Point""}";33063;CUBPK81;320 229 644 05241;accès identiques pour les parkings P4 et P3  et 74 places supplementaires en ARRET MINUTE P3Belcier - Saint Jean;Rond-Point Pierre Sémard 33800 BORDEAUX;INDIGO_PARK;8.0;;;2.0;33.0;19;PAYANT_TARIF_HORAIRE;;;0;0;0;0;0;0;0.0;7;18.0;;15.2;12.4;33.0;1.88;2024-10-01T08:14:51+00:00;https://fr.parkindigo.com/parkings-france/bordeaux;7;0;4.0;CENTRE;738;0;253;1.88;INDIGO_INFRA_FRANCE;SNCF;0;NORMAL_PAYANT;0;1;0;COMPLET;P3 Belcier - Gare Saint Jean;767;AUTORISATION_OCCUPATION_TEMPORAIRE;SILO;2017;;44;2018-06-01T00:00:00+00:00;738;1.8;
44.8447411, -0.5105513;"{""coordinates"": [-0.5105513, 44.8447411], ""type"": ""Point""}";33167;CUBPK47;80822705200012;3.5€ pour tous les occupants du VL, forfait court séjour;Rue Salvador Allende 33270 Floirac;KEOLIS;3.5;;;3.5;3.5;4;PAYANT_TARIF_PARC_RELAIS;;0.0;8;0;0;0;0;5;0.0;1;3.5;3.5;3.5;3.5;;2.0;2024-10-01T08:11:31+00:00;https://www.infotbm.com/fr/parc-relais;0;0;3.5;PERIPHERIE;46;0;260;2.0;TBM;BORDEAUX_METROPOLE;0;NORMAL_PAYANT;0;1;46;LIBRE;Parc-Relais Floirac Dravemont;52;DELEGATION_DE_SERVICE_PUBLIC_POUR_BORDEAUX_METROPOLE;SURFACE;2007;;40;2018-06-01T00:00:00+00:00;46;0.0;
44.8881184, -0.5179124;"{""coordinates"": [-0.5179124, 44.8881184], ""type"": ""Point""}";33249;CUBPK50;80822705200012;3.5€ pour tous les occupants du VL, forfait court séjour;Chemin du Grand Came 33530 Bassens;KEOLIS;3.5;;;3.5;3.5;4;PAYANT_TARIF_PARC_RELAIS;;0.0;116;0;0;0;0;5;0.0;1;3.5;3.5;3.5;3.5;;2.2;2024-10-01T08:11:31+00:00;https://www.infotbm.com/fr/parc-relais;0;0;3.5;PERIPHERIE;151;0;263;2.2;TBM;BORDEAUX_METROPOLE;0;NORMAL_PAYANT;0;1;151;LIBRE;Parc-Relais La Gardette Sud;151;DELEGATION_DE_SERVICE_PUBLIC_POUR_BORDEAUX_METROPOLE;SURFACE;2008;;36;2018-06-01T00:00:00+00:00;151;0.0;
44.8787981, -0.518605;"{""coordinates"": [-0.518605, 44.8787981], ""type"": ""Point""}";33249;CUBPK51;80822705200012;3.5€ pour tous les occupants du VL, forfait court sejour;Rue Victor Hugo 33310 Lormont;KEOLIS;3.5;;0.0;3.5;3.5;4;PAYANT_TARIF_PARC_RELAIS;;0.0;18;40;0;0;0;5;0.0;1;3.5;3.5;3.5;3.5;;2.0;2024-10-01T08:11:31+00:00;https://www.infotbm.com/fr/parc-relais;0;0;3.5;PERIPHERIE;189;0;264;2.0;TBM;BORDEAUX_METROPOLE;0;NORMAL_PAYANT;0;1;189;LIBRE;Parc-Relais Lauriers;161;DELEGATION_DE_SERVICE_PUBLIC_POUR_BORDEAUX_METROPOLE;SURFACE;2003;;40;2018-06-01T00:00:00+00:00;189;0.0;
44.8310211, -0.7014904;"{""coordinates"": [-0.7014904, 44.8310211], ""type"": ""Point""}";33281;CUBPK13;320 229 644 05241;;Avenue Kennedy - 33700 MERIGNAC;INDIGO_PARK;8.5;;;2.0;98.5;2;PAYANT_TARIF_HORAIRE;;;;0;0;0;0;0;0.0;1;38.5;;28.5;18.5;238.5;4.0;2023-02-22T11:14:07+00:00;http://www.bordeaux.aeroport.fr/fr/info/parkings-aeroport-bordeaux;0;0;3.5;PERIPHERIE;108;0;268;4.0;INDIGO_PARK;AEROPORT_DE_BORDEAUX;0;NORMAL_PAYANT;0;0;0;OUVERT;Aeroport Pr Express;;CONCESSION_DE_SERVICE;SURFACE;2008;;0;2018-06-01T00:00:00+00:00;108;0.0;
44.8318558, -0.700669;"{""coordinates"": [-0.700669, 44.8318558], ""type"": ""Point""}";33281;CUBPK10;320 229 644 05241;places Handicapés au P2 avec tarif P4;Avenue Kennedy - 33700 MERIGNAC;INDIGO_PARK;7.5;;;4.5;17.1;0;PAYANT_TARIF_HORAIRE;;;;0;0;0;0;0;0.0;1;13.1;;12.3;11.5;18.0;2.3;2024-04-23T09:00:01+00:00;http://www.bordeaux.aeroport.fr/fr/info/parkings-aeroport-bordeaux;0;0;4.5;PERIPHERIE;375;0;274;2.3;INDIGO_PARK;AEROPORT_DE_BORDEAUX;0;AUTRE;0;0;0;OUVERT;Aeroport P1 Proxi;;CONCESSION_DE_SERVICE;SURFACE;2008;;0;2018-06-01T00:00:00+00:00;375;0.0;
44.7942149, -0.6219984;"{""coordinates"": [-0.6219984, 44.7942149], ""type"": ""Point""}";33318;CUBPK56;80822705200012;4.5€ pour 1 à 5 passagers dans le VL;Avenue du Docteur Albert Schweitzer 33600 Pessac;KEOLIS;4.5;;0.0;4.5;4.5;5;PAYANT_TARIF_PARC_RELAIS;;0.0;157;56;0;0;0;5;0.0;1;4.5;4.5;4.5;4.5;;1.85;2024-10-01T08:11:31+00:00;https://www.infotbm.com/fr/parc-relais;0;0;4.5;PERIPHERIE;249;4;277;1.85;TBM;BORDEAUX_METROPOLE;0;AUTRE;0;1;249;LIBRE;Parc-Relais Unitec;232;DELEGATION_DE_SERVICE_PUBLIC_POUR_BORDEAUX_METROPOLE;SURFACE;2004;;28;2018-06-01T00:00:00+00:00;249;0.0;
44.8060586, -0.6007667;"{""coordinates"": [-0.6007667, 44.8060586], ""type"": ""Point""}";33522;CUBPK42;80822705200012;mi 2023 : 432 places ouvertes sur 593 au total. 4.5€ pour 1 à 5 passagers dans le VL;Avenue de l’Université 33400 Talence;KEOLIS;4.5;;0.0;4.5;4.5;12;PAYANT_TARIF_PARC_RELAIS;;0.0;118;33;0;0;0;10;0.0;4;4.5;4.5;4.5;4.5;;1.9;2024-10-01T08:11:31+00:00;https://www.infotbm.com/fr/parc-relais;10;0;4.5;PERIPHERIE;593;0;279;1.9;TBM;BORDEAUX_METROPOLE;0;AUTRE;0;1;593;LIBRE;Parc-Relais Arts Et Metiers;432;DELEGATION_DE_SERVICE_PUBLIC_POUR_BORDEAUX_METROPOLE;SILO;2004;;50;2018-06-01T00:00:00+00:00;593;0.0;
44.8111812, -0.5927953;"{""coordinates"": [-0.5927953, 44.8111812], ""type"": ""Point""}";33522;CUBPK83;453 335 069 00010;Parking du cinéma géré par Metpark;Avenue du 7e art 33400 Talence;METPARK;0.0;;0.0;0.0;15.0;7;PAYANT_TARIF_HORAIRE;70.0;;;0;0;0;0;0;0.0;2;6.6;;4.5;2.5;15.0;1.9;2024-04-16T13:42:33+00:00;https://www.mtpk.fr/;0;0;0.0;PERIPHERIE;321;0;280;1.9;METPARK;AGORA_CINEMA;0;NORMAL_PAYANT;0;0;0;OUVERT;Talence 7e Art;;REGIE_AUTONOME;ENTERRE;2017;50.0;0;2018-06-01T00:00:00+00:00;321;0.0;
44.822652, -0.5459965;"{""coordinates"": [-0.5459965, 44.822652], ""type"": ""Point""}";33063;CUBPK85;320 229 644 05241;;16 Rue des Maraichers 33800 Bordeaux;INDIGO_PARK;1.8;17.6;;0.6;17.6;10;PAYANT_TARIF_HORAIRE;95.0;;73;0;0;0;0;0;0.0;6;8.7;;7.2;4.8;17.6;1.9;2024-10-01T08:14:53+00:00;https://fr.parkindigo.com/;3;0;1.2;CENTRE;520;0;331;1.9;INDIGO_PARK;AUTRE;0;NORMAL_PAYANT;0;1;0;LIBRE;Ars - Belcier;225;GESTION_PRIVEE;SILO;2018;95.0;14;2018-11-23T15:15:59+00:00;520;1.8;40.0
44.8261756, -0.5573939;"{""coordinates"": [-0.5573939, 44.8261756], ""type"": ""Point""}";33063;CUBPK33;453 335 069 00010;391 places parking+151 places arrêt minute mais très cher passé 2 heures de stationnement;Rue Charles Domerq 33800 Bordeaux;METPARK;10.0;;;2.5;29.0;7;PAYANT_TARIF_HORAIRE;155.0;;26;0;0;0;0;0;0.0;4;22.0;;19.2;16.4;29.0;1.8;2024-10-01T08:13:22+00:00;https://www.mtpk.fr/;2;0;5.0;CENTRE;391;0;230;1.8;METPARK;SNCF;0;NORMAL_PAYANT;0;1;0;LIBRE;Gare Saint Jean;391;CONCESSION_DE_SERVICE;ENTERRE;1990;110.0;0;2018-06-01T00:00:00+00:00;391;1.8;60.0
44.8423509, -0.5603009;"{""coordinates"": [-0.5603009, 44.8423509], ""type"": ""Point""}";33063;CUBPK79;453 335 069 00010;Abonnement 150€ mensuel: lundi à vendredi 7h à 18h30;Quai de Queyries 33100 Bordeaux;METPARK;3.2;7.8;;0.8;22.8;12;PAYANT_TARIF_HORAIRE;150.0;;;0;0;0;0;0;0.0;3;10.8;;8.4;6.0;40.0;1.9;2024-04-26T06:25:09+00:00;https://www.mtpk.fr/;0;0;1.6;CENTRE;526;0;232;1.9;METPARK;AGORA_CINEMA;0;NORMAL_PAYANT;0;0;0;OUVERT;Megarama;;GESTION_PRIVEE;ENTERRE;2016;85.0;0;2018-06-01T00:00:00+00:00;526;1.8;
44.8239922, -0.5793829;"{""coordinates"": [-0.5793829, 44.8239922], ""type"": ""Point""}";33063;CUBPK36;453 335 069 00010;40 minutes gratuites, 150 places réservées au personnel;Cours de l'Argonne 33000 Bordeaux;METPARK;2.8;;;0.0;20.0;0;PAYANT_TARIF_HORAIRE;;;74;0;0;0;0;0;0.0;3;10.4;;8.0;5.6;20.0;1.8;2024-10-01T08:14:19+00:00;https://www.mtpk.fr/;0;0;0.0;CENTRE;66;0;237;1.8;METPARK;BORDEAUX_METROPOLE;0;NORMAL_PAYANT;0;1;0;LIBRE;Bergonie;133;REGIE_AUTONOME;ENTERRE;2002;;0;2018-06-01T00:00:00+00:00;66;1.8;
44.8295686, -0.5535744;"{""coordinates"": [-0.5535744, 44.8295686], ""type"": ""Point""}";33063;CUBPK78;453 335 069 00010;Vélos: 45€/an ou 10€/mois;Rue Terres de Borde 33800 Bordeaux;METPARK;2.8;6.0;10.0;0.7;20.0;12;PAYANT_TARIF_HORAIRE;110.0;;181;72;0;0;0;0;0.0;3;10.4;;8.0;5.6;20.0;2.4;2024-10-01T08:13:45+00:00;https://www.mtpk.fr/;4;0;1.4;CENTRE;565;0;239;2.4;METPARK;METPARK;0;NORMAL_PAYANT;0;1;0;LIBRE;Paludate - Saint Jean;565;REGIE_AUTONOME;SILO;2017;80.0;20;2018-06-01T00:00:00+00:00;565;1.8;45.0
44.8251902, -0.557181;"{""coordinates"": [-0.557181, 44.8251902], ""type"": ""Point""}";33063;CUBPK102;453 335 069 00010;pour plus de 2 heures l'arrêt minute est très cher Se reporter sur les places du Parking Saint Jean;Rue Charles Domerq Sud 33800 Bordeaux;METPARK;12.0;;;3.0;57.0;4;PAYANT_TARIF_HORAIRE;;;86;0;0;;0;0;0.0;1;33.0;;27.0;21.0;57.0;;2024-10-01T08:13:25+00:00;https://www.mtpk.fr/;0;0;6.0;CENTRE;104;0;723;;METPARK;SNCF;0;NORMAL_PAYANT;;1;0;LIBRE;Gare Saint Jean Arret Minute P2 Sud;105;CONCESSION_DE_SERVICE;ENTERRE;1990;;0;2021-02-10T14:03:22+00:00;104;1.8;
44.8628438, -0.5556869;"{""coordinates"": [-0.5556869, 44.8628438], ""type"": ""Point""}";33063;CUBPK100;435 272 596 01814;"vélos acceptés de 8h30 à 20h00; Propriétaire SCI Bordeaux Port Immo";1 quai Armand Lalande Bat G1 33000 Bordeaux;EFFIA_STATIONNEMENT;2.3;;;0.5;19.9;12;PAYANT_TARIF_HORAIRE;120.0;;0;100;0;0;0;0;0.0;3;9.1;;7.1;4.7;24.0;;2024-10-01T08:14:15+00:00;https://www.effia.com/parking/parking-bordeaux-bassins-flot-effia;10;0;1.1;CENTRE;536;0;663;;AUTRE;AUTRE;0;NORMAL_PAYANT;0;1;0;LIBRE;Bassins À Flots;250;GESTION_PRIVEE;SILO;2020;120.0;10;2020-10-21T15:02:22+00:00;536;1.8;60.0
44.8197814, -0.5613722;"{""coordinates"": [-0.5613722, 44.8197814], ""type"": ""Point""}";33063;CUBPK109;453 335 069 00010;ouverture le 13/10/22;3 rue des Echoppes 33800 Bordeaux;METPARK;2.8;6.0;;0.7;20.0;14;PAYANT_TARIF_HORAIRE;105.0;;150;0;0;0;0;0;0.0;3;10.4;;8.0;5.6;20.0;2.0;2024-10-01T08:13:43+00:00;https://www.mtpk.fr/;30;0;1.4;CENTRE;632;0;1583;2.0;METPARK;METPARK;0;NORMAL_PAYANT;0;1;0;LIBRE;Amedee St Germain;532;REGIE_AUTONOME;MIXTE;2022;80.0;7;2022-03-21T09:18:59+00:00;632;1.8;
44.8358466, -0.5523336;"{""coordinates"": [-0.5523336, 44.8358466], ""type"": ""Point""}";33063;CUBPK113;320 229 644 05241;ouverture le 1er avril 2024;19 rue de la Garonne;INDIGO_PARK;2.4;;;0.6;21.0;3;PAYANT_TARIF_HORAIRE;130.0;;250;0;0;0;0;0;0.0;1;9.6;;7.2;4.8;21.0;1.9;2024-10-01T08:14:55+00:00;https://fr.parkindigo.com/parkings-france/bordeaux;6;0;1.2;PERIPHERIE;110;0;1773;1.9;INDIGO_PARK;AUTRE;0;NORMAL_PAYANT;;1;0;LIBRE;Belvedere Indigo Park;400;GESTION_PRIVEE;ENTERRE;2024;;0;2024-04-04T09:45:33+00:00;110;0.0;
44.8753791, -0.5444684;"{""coordinates"": [-0.5444684, 44.8753791], ""type"": ""Point""}";33063;CUBPK44;80822705200012;forfait court-séjour, 3.5€ pour tous les occupants du VL;Boulevard Albert Brandenburg 33000 Bordeaux;KEOLIS;3.5;;0.0;3.5;3.5;6;PAYANT_TARIF_PARC_RELAIS;;0.0;0;20;0;0;0;5;0.0;1;3.5;3.5;3.5;3.5;;2.1;2024-10-01T08:11:31+00:00;https://www.infotbm.com/fr/parc-relais;0;0;3.5;PERIPHERIE;211;0;244;2.1;TBM;BORDEAUX_METROPOLE;0;AUTRE;0;1;211;COMPLET;Parc-Relais Brandenburg;211;DELEGATION_DE_SERVICE_PUBLIC_POUR_BORDEAUX_METROPOLE;SURFACE;2009;;20;2018-06-01T00:00:00+00:00;211;0.0;
44.8557026, -0.5630087;"{""coordinates"": [-0.5630087, 44.8557026], ""type"": ""Point""}";33063;CUBPK14;37888823401562;;Quai des Chartrons 33000 Bordeaux;Q_PARK;3.2;8.0;0.0;0.9;25.5;23;PAYANT_TARIF_HORAIRE;135.0;;350;90;0;0;0;0;0.0;4;11.7;;9.6;6.4;30.5;1.9;2024-10-01T08:13:06+00:00;https://www.q-park.fr/fr-fr/villes/bordeaux/bord-eau-village/;10;0;1.8;CENTRE;540;0;245;1.9;Q_PARK;AUTRE;0;NORMAL_PAYANT;0;1;0;LIBRE;Bord'Eau Village;540;GESTION_PRIVEE;SILO;2005;135.0;10;2018-06-01T00:00:00+00:00;540;1.8;135.0
44.8504981, -0.5575195;"{""coordinates"": [-0.5575195, 44.8504981], ""type"": ""Point""}";33063;CUBPK92;692 051 113 00102;Parking de BMA, Bordeaux Métropole Amenagement, abonnés pour le moment;105 quai des Queyries 33100 Bordeaux;INTERPARKING;;;;;;5;PAYANT_RESERVE_ABONNES;60.0;;;0;0;0;0;0;0.0;1;;;;;;1.95;2024-04-02T07:33:51+00:00;https://www.interparking-france.com/fr-FR/find-parking/ParkingBastideNiel/;0;0;;CENTRE;248;0;464;1.95;INTERPARKING;AUTRE;0;NORMAL_PAYANT;0;0;0;OUVERT;Bastide Niel;;GESTION_PRIVEE;SURFACE;2018;60.0;0;2019-02-22T15:07:51+00:00;248;0.0;
44.8631962, -0.5785125;"{""coordinates"": [-0.5785125, 44.8631962], ""type"": ""Point""}";33063;CUBPK95;453 335 069 00010;Vélos: 35€/an ou 5€/mois;Rue François Lévêque 33000 Bordeaux;METPARK;2.8;6.0;10.0;0.7;20.0;8;PAYANT_TARIF_HORAIRE;100.0;;136;108;0;0;0;0;0.0;4;10.4;;8.0;5.6;20.0;2.0;2024-10-01T08:14:31+00:00;https://www.mtpk.fr/;7;0;1.4;CENTRE;349;0;593;2.0;METPARK;METPARK;0;NORMAL_PAYANT;0;1;0;LIBRE;Grand Parc;371;REGIE_AUTONOME;SILO;2019;75.0;13;2019-12-09T14:54:27+00:00;349;1.8;35.0
44.8918038, -0.669668;"{""coordinates"": [-0.669668, 44.8918038], ""type"": ""Point""}";33162;CUBPK97;80822705200012;abonnement annuel Riverain nocturne 300€ et forfait court-séjour, 3.5€ pour tous les occupants du VL. 476 places ouvertes à mi2023 sur 622 au total;Avenue du Taillan-Médoc 33320 Eysines;KEOLIS;3.5;;;3.5;3.5;12;PAYANT_TARIF_PARC_RELAIS;;0.0;358;24;0;0;0;0;0.0;4;3.5;3.5;3.5;3.5;;1.9;2024-10-01T08:11:31+00:00;https://www.infotbm.com/fr/parc-relais;20;0;3.5;PERIPHERIE;656;0;623;2.9;TBM;BORDEAUX_METROPOLE;0;AUTRE;0;1;656;LIBRE;Parc-Relais Cantinolle;476;DELEGATION_DE_SERVICE_PUBLIC_POUR_BORDEAUX_METROPOLE;SILO;2020;;17;2020-03-02T15:09:08+00:00;656;0.0;
44.8742948, -0.6270837;"{""coordinates"": [-0.6270837, 44.8742948], ""type"": ""Point""}";33069;CUBPK98;80822705200012;4.5€ conducteur seul et 4€ pour 2 à 5 personnes dans VL;Avenue de l'Hippodrome 33320 Eysines;KEOLIS;4.5;;;4.5;4.5;7;PAYANT_TARIF_PARC_RELAIS;;0.0;63;32;0;0;0;0;0.0;1;4.5;4.5;4.5;4.5;;1.9;2024-10-01T08:11:31+00:00;https://www.infotbm.com/fr/parc-relais;5;0;4.5;PERIPHERIE;240;0;624;1.9;TBM;BORDEAUX_METROPOLE;0;AUTRE;0;1;240;LIBRE;Parc-Relais De L'Hippodrome;250;DELEGATION_DE_SERVICE_PUBLIC_POUR_BORDEAUX_METROPOLE;SURFACE;2020;;0;2020-03-02T15:16:49+00:00;240;0.0;
44.8800906, -0.5684187;"{""coordinates"": [-0.5684187, 44.8800906], ""type"": ""Point""}";33063;CUBPK99;320 229 644 05241;Propriété Bouygues Immobilier;rue Jean Royer 33300 Bordeaux;INDIGO_PARK;0.0;;;0.0;18.0;20;PAYANT_TARIF_HORAIRE;86.0;;689;0;0;0;0;0;0.0;3;4.8;;2.4;0.0;18.0;1.9;2024-10-01T08:11:38+00:00;https://fr.parkindigo.com/parking/bordeaux-33300/parking-centre-commercial-ginko-33001600;8;0;0.0;PERIPHERIE;952;0;643;1.9;INDIGO_PARK;AUTRE;0;NORMAL_PAYANT;0;1;0;LIBRE;Centre Commerçant Ginko;930;GESTION_PRIVEE;ENTERRE;2020;86.0;0;2020-04-16T10:24:06+00:00;952;0.0;
44.8351304, -0.5721457;"{""coordinates"": [-0.5721457, 44.8351304], ""type"": ""Point""}";33063;CUBPK16;453 335 069 00010;Vélos: 45€/an ou 10€/mois;Cours Victor Hugo 33000 Bordeaux;METPARK;3.2;6.0;10.0;0.8;20.0;17;PAYANT_TARIF_HORAIRE;100.0;;198;60;0;0;0;0;0.0;7;11.2;;8.8;6.4;20.0;1.8;2024-10-01T08:14:35+00:00;https://www.mtpk.fr/;0;0;1.6;HYPER_CENTRE;684;0;215;1.8;METPARK;BORDEAUX_METROPOLE;0;NORMAL_PAYANT;0;1;0;LIBRE;Victor Hugo;633;REGIE_AUTONOME;MIXTE;1978;80.0;20;2018-06-01T00:00:00+00:00;684;2.5;31.0
44.8310288, -0.5718999;"{""coordinates"": [-0.5718999, 44.8310288], ""type"": ""Point""}";33063;CUBPK29;453 335 069 00010;Vélos: 45€/an ou 10€/mois;Place de la Victoire 33000 Bordeaux;METPARK;3.2;6.0;10.0;0.8;20.0;10;PAYANT_TARIF_HORAIRE;110.0;;31;60;0;0;0;0;0.0;3;11.2;;8.8;6.4;20.0;1.8;2024-10-01T08:13:27+00:00;https://www.mtpk.fr/;0;0;1.6;HYPER_CENTRE;457;0;216;1.8;METPARK;BORDEAUX_METROPOLE;0;NORMAL_PAYANT;0;1;0;LIBRE;Victoire;290;REGIE_AUTONOME;ENTERRE;1984;75.0;14;2018-06-01T00:00:00+00:00;457;2.5;45.0
44.8388659, -0.5863109;"{""coordinates"": [-0.5863109, 44.8388659], ""type"": ""Point""}";33063;CUBPK28;453 335 069 00010;FERMé POUR TRAVAUX DEPUIS LE _ décembre 2023;Rue Robert Lateulade 33000 Bordeaux;METPARK;3.2;6.0;10.0;0.8;20.0;3;PAYANT_TARIF_HORAIRE;115.0;;70;48;0;0;0;0;0.0;3;11.2;;8.8;6.4;20.0;1.8;2024-10-01T08:13:31+00:00;https://www.mtpk.fr/;0;418;1.6;HYPER_CENTRE;997;0;219;1.8;METPARK;BORDEAUX_METROPOLE;0;NORMAL_PAYANT;11;1;0;FERME;Front Du Medoc;70;REGIE_AUTONOME;SILO;1977;75.0;69;2018-06-01T00:00:00+00:00;454;1.8;45.0
44.8391646, -0.5839712;"{""coordinates"": [-0.5839712, 44.8391646], ""type"": ""Point""}";33063;CUBPK30;453 335 069 00010;"Vélos: 45€/an ou 10€/mois; 2h gratuite clients Centre commercial quand il est ouvert";Rue Claude Bonnier 33000 Bordeaux;METPARK;3.2;6.0;10.0;0.8;20.0;34;PAYANT_TARIF_HORAIRE;125.0;;275;32;0;0;5;0;0.0;5;11.2;;8.8;6.4;20.0;1.8;2024-10-01T08:13:41+00:00;https://www.mtpk.fr/;19;0;1.6;HYPER_CENTRE;1267;0;220;1.8;METPARK;BORDEAUX_METROPOLE;0;NORMAL_PAYANT;0;1;0;LIBRE;Centre Commercial Meriadeck;1067;REGIE_AUTONOME;MIXTE;1980;80.0;33;2018-06-01T00:00:00+00:00;1267;2.5;45.0
44.8389894, -0.5720891;"{""coordinates"": [-0.5720891, 44.8389894], ""type"": ""Point""}";33063;CUBPK06;320 229 644 05241;;Place Camille Jullian - 33000 BORDEAUX;INDIGO_PARK;3.1;8.2;;1.2;20.4;7;PAYANT_TARIF_HORAIRE;164.0;;229;0;0;0;0;0;0.0;4;10.5;;8.3;6.6;28.6;1.9;2024-10-01T08:14:18+00:00;https://fr.parkindigo.com/parking/camille-jullian-33001400;0;0;2.4;HYPER_CENTRE;338;0;224;1.9;INDIGO_CENTRAL_PARCS;BORDEAUX_METROPOLE;0;NORMAL_PAYANT;0;1;0;LIBRE;Camille Jullian;320;DELEGATION_DE_SERVICE_PUBLIC_POUR_BORDEAUX_METROPOLE;ENTERRE;1991;128.0;5;2018-06-01T00:00:00+00:00;338;2.5;62.0
44.8345879, -0.5800428;"{""coordinates"": [-0.5800428, 44.8345879], ""type"": ""Point""}";33063;CUBPK26;453 335 069 00010;Vélos: 45€/an ou 10€/mois, Moins 40% pour abonnements aux titulaires  carte européenne Mobilité inclusion;Place de la République 33100 Bordeaux;METPARK;3.2;6.0;10.0;0.8;20.0;9;PAYANT_TARIF_HORAIRE;125.0;;23;18;0;0;0;0;0.0;3;11.2;;8.8;6.4;20.0;1.8;2024-10-01T08:13:38+00:00;https://www.mtpk.fr/;0;0;1.6;HYPER_CENTRE;406;0;225;1.8;METPARK;BORDEAUX_METROPOLE;0;AUTRE;0;1;0;LIBRE;Republique;394;REGIE_AUTONOME;ENTERRE;1980;80.0;10;2018-06-01T00:00:00+00:00;406;2.5;45.0
44.8428111, -0.5774475;"{""coordinates"": [-0.5774475, 44.8428111], ""type"": ""Point""}";33063;CUBPK07;453 335 069 00010;Moins 40% pour abonnements aux titulaires  carte européenne Mobilité inclusion;Place des Grands Hommes- 33000 BORDEAUX;METPARK;3.2;6.0;;0.8;20.0;9;PAYANT_TARIF_HORAIRE;125.0;;198;0;0;0;2;0;0.0;6;11.2;;8.8;6.4;20.0;1.9;2024-10-01T08:14:24+00:00;https://www.mtpk.fr/parkings/parking-grands-hommes/;0;0;1.6;HYPER_CENTRE;413;0;226;1.9;METPARK;BORDEAUX_METROPOLE;0;AUTRE;0;1;0;LIBRE;Grands Hommes;405;REGIE_AUTONOME;ENTERRE;1989;;0;2018-06-01T00:00:00+00:00;413;2.5;
44.8267061, -0.559011;"{""coordinates"": [-0.559011, 44.8267061], ""type"": ""Point""}";33063;CUBPK22;435 272 596 01814;;59 rue de Saget 33800 Bordeaux;EFFIA_STATIONNEMENT;;;;;;3;PAYANT_RESERVE_ABONNES;83.0;;;0;0;0;0;0;0.0;3;;;;;;1.9;2023-02-22T11:14:07+00:00;https://www.resaplace.com/fr/parking/bordeaux-gare-sncf-le-roy-179;0;0;;CENTRE;137;0;251;1.9;EFFIA;SNCF;0;NORMAL_PAYANT;0;0;0;OUVERT;Leroy;;CONCESSION_DE_SERVICE;ENTERRE;2010;83.0;12;2018-06-01T00:00:00+00:00;137;1.8;41.5
44.8245206, -0.5661676;"{""coordinates"": [-0.5661676, 44.8245206], ""type"": ""Point""}";33063;CUBPK75;453 335 069 00010;Résidents seulement;120 Rue de Bègles 33800 Bordeaux;METPARK;;;;;;3;PAYANT_RESERVE_ABONNES;100.0;;;0;0;0;0;0;0.0;1;;;;;;1.8;2024-04-17T07:42:10+00:00;https://www.mtpk.fr/;0;0;;CENTRE;63;0;252;1.8;METPARK;BORDEAUX_METROPOLE;0;NORMAL_PAYANT;0;0;0;OUVERT;Rue De Begles;;REGIE_AUTONOME;ENTERRE;2014;70.0;0;2018-06-01T00:00:00+00:00;63;1.8;
44.8640767, -0.5503609;"{""coordinates"": [-0.5503609, 44.8640767], ""type"": ""Point""}";33063;CUBPK80;692 051 113 00102;31 places électriques de plus d'ici fin 2023 pour un total de 51;2 Rue de Gironde 33300 Bordeaux;INTERPARKING;2.2;7.5;5.0;0.5;19.4;9;PAYANT_TARIF_HORAIRE;105.0;;0;93;4;0;0;0;0.0;7;9.8;;8.0;5.0;21.0;1.95;2024-02-16T00:32:35+00:00;https://www.interparking.fr/fr-FR/find-parking/LaCiteduVin/;21;0;1.1;CENTRE;405;4;254;1.95;INTERPARKING;INTERPARKING;0;NORMAL_PAYANT;0;0;0;INCONNU;Cite Du Vin;0;GESTION_PRIVEE;SILO;2017;105.0;13;2018-06-01T00:00:00+00:00;405;0.0;43.0
44.8670739, -0.5762883;"{""coordinates"": [-0.5762883, 44.8670739], ""type"": ""Point""}";33069;CUBPK54;80822705200012;4.5€ pour 1 à 5 passagers dans le VL;Allées de Boutaut 33110 Le Bouscat;KEOLIS;4.5;;0.0;4.5;4.5;9;PAYANT_TARIF_PARC_RELAIS;;0.0;0;24;0;0;0;10;0.0;6;4.5;4.5;4.5;4.5;;2.0;2024-10-01T08:11:31+00:00;https://www.infotbm.com/fr/parc-relais;2;0;4.5;PERIPHERIE;369;6;256;2.0;TBM;BORDEAUX_METROPOLE;0;AUTRE;0;1;369;COMPLET;Parc-Relais Ravezies Le Bouscat;363;DELEGATION_DE_SERVICE_PUBLIC_POUR_BORDEAUX_METROPOLE;SILO;2008;;26;2018-06-01T00:00:00+00:00;369;0.0;
44.8882273, -0.6111779;"{""coordinates"": [-0.6111779, 44.8882273], ""type"": ""Point""}";33075;CUBPK77;80822705200012;4.50€ pour 2 à 5 passagers;Avenue de Terrefort 33520 Bruges;KEOLIS;4.5;;;4.5;4.5;3;PAYANT_TARIF_PARC_RELAIS;;0.0;21;0;0;0;0;5;0.0;1;4.5;4.5;4.5;4.5;;2.2;2024-10-01T08:11:31+00:00;https://www.infotbm.com/fr/parc-relais;0;0;4.5;PERIPHERIE;58;0;259;2.2;TBM;BORDEAUX_METROPOLE;0;NORMAL_PAYANT;0;1;58;LIBRE;Parc-Relais Gare De Bruges;58;DELEGATION_DE_SERVICE_PUBLIC_POUR_BORDEAUX_METROPOLE;SURFACE;2016;;0;2018-06-01T00:00:00+00:00;58;0.0;
44.8238769, -0.5300949;"{""coordinates"": [-0.5300949, 44.8238769], ""type"": ""Point""}";33167;CUBPK82;453 335 069 00010;"tarif parc relais hors heures de spectacles; forfait spectacle 14€ en 2024";Rue Pierre Kaldor 33270 Floirac;METPARK;2.0;3.0;;0.5;8.0;25;PAYANT_TARIF_HORAIRE;70.0;;698;0;0;0;0;0;0.0;5;8.0;;6.0;4.0;8.0;2.0;2024-10-01T08:14:18+00:00;https://www.mtpk.fr/;12;0;1.0;PERIPHERIE;961;0;261;2.0;METPARK;METPARK;0;NORMAL_PAYANT;0;1;400;LIBRE;Floirac Arena;962;REGIE_AUTONOME;SILO;2018;50.0;0;2018-06-01T00:00:00+00:00;961;0.0;
44.8592522, -0.6682423;"{""coordinates"": [-0.6682423, 44.8592522], ""type"": ""Point""}";33200;CUBPK57;80822705200012;4.5€ pour 1 à 5 passagers dans le VL;Rue Adrienne Bolland 33185 Le Haillan;KEOLIS;4.5;;;4.5;4.5;5;PAYANT_TARIF_PARC_RELAIS;;0.0;83;0;0;0;0;5;0.0;1;4.5;4.5;4.5;4.5;;2.1;2024-10-01T08:11:31+00:00;https://www.infotbm.com/fr/parc-relais;0;0;4.5;PERIPHERIE;204;0;262;2.1;TBM;BORDEAUX_METROPOLE;0;AUTRE;0;1;204;LIBRE;Parc-Relais Le Haillan Rostand;204;DELEGATION_DE_SERVICE_PUBLIC_POUR_BORDEAUX_METROPOLE;SURFACE;2015;;5;2018-06-01T00:00:00+00:00;204;0.0;
44.8314625, -0.7018194;"{""coordinates"": [-0.7018194, 44.8314625], ""type"": ""Point""}";33281;CUBPK09;320 229 644 05241;;Avenue Kennedy - 33700 MERIGNAC;INDIGO_PARK;14.5;;;4.5;20.9;3;PAYANT_TARIF_HORAIRE;;;;0;0;0;0;0;0.0;1;16.1;;15.3;10.5;22.0;1.9;2024-04-24T13:15:46+00:00;http://www.bordeaux.aeroport.fr/fr/info/parkings-aeroport-bordeaux;22;0;4.5;PERIPHERIE;341;0;267;1.9;INDIGO_PARK;AEROPORT_DE_BORDEAUX;0;NORMAL_PAYANT;0;0;0;OUVERT;Aeroport P0 Confort;;CONCESSION_DE_SERVICE;SURFACE;2016;;0;2018-06-01T00:00:00+00:00;341;0.0;
44.8284087, -0.6917486;"{""coordinates"": [-0.6917486, 44.8284087], ""type"": ""Point""}";33281;CUBPK12;320 229 644 05241;places Handicapés au P2 avec tarif P4, stationnement minimal de 12 heures pour 15€;Avenue Kennedy - 33700 MERIGNAC;INDIGO_PARK;4.5;;;3.0;14.5;10;PAYANT_TARIF_HORAIRE;;;;0;0;0;0;0;0.0;1;9.7;;8.5;6.5;16.0;4.0;2024-04-23T08:59:36+00:00;http://www.bordeaux.aeroport.fr/fr/info/parkings-aeroport-bordeaux;0;0;3.5;PERIPHERIE;3427;0;271;4.0;INDIGO_PARK;AEROPORT_DE_BORDEAUX;0;AUTRE;0;0;0;OUVERT;Aeroport P4 Longue Duree;;CONCESSION_DE_SERVICE;SURFACE;2008;;0;2018-06-01T00:00:00+00:00;3427;0.0;
44.8328142, -0.6980962;"{""coordinates"": [-0.6980962, 44.8328142], ""type"": ""Point""}";33281;CUBPK11;320 229 644 05241;25 places P2 Handicap au tarif P4;Avenue Kennedy - 33700 MERIGNAC;INDIGO_PARK;4.5;;;3.0;14.5;25;PAYANT_TARIF_HORAIRE;;;;0;0;0;0;0;0.0;1;9.7;;8.5;6.5;16.0;2.3;2024-04-24T13:20:06+00:00;http://www.bordeaux.aeroport.fr/fr/info/parkings-aeroport-bordeaux;0;0;3.5;PERIPHERIE;3377;0;272;2.3;INDIGO_PARK;AEROPORT_DE_BORDEAUX;0;NORMAL_PAYANT;0;0;0;OUVERT;Aeroport P2 Flexi;;CONCESSION_DE_SERVICE;SURFACE;2008;;0;2018-06-01T00:00:00+00:00;3377;0.0;
44.8051041, -0.6322405;"{""coordinates"": [-0.6322405, 44.8051041], ""type"": ""Point""}";33318;CUBPK40;453 335 069 00010;"Vélos: 45€/an ou 10€/mois; 2 heures gratuites; Parc mixte avec places P+R abonnés";Rue des Poilus 33600 Pessac;METPARK;0.0;3.0;10.0;0.0;8.0;6;PAYANT_TARIF_HORAIRE;70.0;0.0;165;20;0;0;0;0;0.0;3;8.0;;6.0;0.0;8.0;1.8;2024-10-01T08:13:34+00:00;https://www.mtpk.fr/;2;0;0.0;PERIPHERIE;343;0;275;1.8;METPARK;BORDEAUX_METROPOLE;0;NORMAL_PAYANT;0;1;84;LIBRE;Pessac Centre;296;REGIE_AUTONOME;ENTERRE;1985;50.0;6;2018-06-01T00:00:00+00:00;343;0.0;30.0
44.7936623, -0.6350514;"{""coordinates"": [-0.6350514, 44.7936623], ""type"": ""Point""}";33318;CUBPK43;80822705200012;4.5€ pour 1 à 5 passagers dans le VL;Avenue Bougnard 33600 Pessac;KEOLIS;4.5;;0.0;4.5;4.5;10;PAYANT_TARIF_PARC_RELAIS;;0.0;49;44;0;0;0;6;0.0;1;4.5;4.5;4.5;4.5;;2.2;2024-10-01T08:11:31+00:00;https://www.infotbm.com/fr/parc-relais;0;0;4.5;PERIPHERIE;168;7;276;2.2;TBM;BORDEAUX_METROPOLE;0;AUTRE;0;1;168;LIBRE;Parc-Relais Bougnard;168;DELEGATION_DE_SERVICE_PUBLIC_POUR_BORDEAUX_METROPOLE;SURFACE;2004;;48;2018-06-01T00:00:00+00:00;168;0.0;
44.7933143, -0.6569533;"{""coordinates"": [-0.6569533, 44.7933143], ""type"": ""Point""}";33318;CUBPK59;80822705200012;abonnement annuel Riverain nocturne 300€ et forfait court-séjour, 3.5€ pour tous les occupants du VL;Rue Notre Dame de Lorette 33600 Pessac;KEOLIS;3.5;;0.0;3.5;3.5;4;PAYANT_TARIF_PARC_RELAIS;;0.0;125;30;0;0;0;5;0.0;1;3.5;3.5;3.5;3.5;;2.1;2024-10-01T08:11:31+00:00;https://www.infotbm.com/fr/parc-relais;4;0;3.5;PERIPHERIE;148;7;278;2.1;TBM;BORDEAUX_METROPOLE;0;AUTRE;0;1;148;LIBRE;Parc-Relais Gare De Pessac Alouette;148;DELEGATION_DE_SERVICE_PUBLIC_POUR_BORDEAUX_METROPOLE;SURFACE;2015;;0;2018-06-01T00:00:00+00:00;148;0.0;
44.7884435, -0.6506672;"{""coordinates"": [-0.6506672, 44.7884435], ""type"": ""Point""}";33318;CUBPK88;80822705200012;abonnement annuel Riverain nocturne 300€ et forfait court-séjour, 3.5€ pour tous les occupants du VL;Allée Héliodore Galienne 33600 Pessac;KEOLIS;3.5;;0.0;3.5;3.5;7;PAYANT_TARIF_PARC_RELAIS;;0.0;136;28;0;0;0;5;0.0;1;3.5;3.5;3.5;3.5;;2.1;2024-10-01T08:11:31+00:00;https://www.infotbm.com/fr/parc-relais;4;0;3.5;PERIPHERIE;144;6;321;2.1;TBM;BORDEAUX_METROPOLE;0;AUTRE;0;1;144;LIBRE;Parc-Relais Cap Metiers;146;DELEGATION_DE_SERVICE_PUBLIC_POUR_BORDEAUX_METROPOLE;SILO;2018;;0;2018-11-13T16:04:59+00:00;144;0.0;
44.8562762, -0.6594896;"{""coordinates"": [-0.6594896, 44.8562762], ""type"": ""Point""}";33281;CUBPK58;80822705200012;abonnement annuel Riverain nocturne 300€ et forfait court-séjour, 3.5€ pour tous les occupants du VL;Rue Alphonse Daudet 33700 Mérignac;KEOLIS;3.5;;0.0;3.5;3.5;5;PAYANT_TARIF_PARC_RELAIS;;0.0;205;40;0;0;0;5;0.0;1;3.5;3.5;3.5;3.5;;2.1;2024-10-01T08:11:31+00:00;https://www.infotbm.com/fr/parc-relais;0;0;3.5;PERIPHERIE;220;7;273;2.1;TBM;BORDEAUX_METROPOLE;0;AUTRE;0;1;220;LIBRE;Parc-Relais Les Pins;220;DELEGATION_DE_SERVICE_PUBLIC_POUR_BORDEAUX_METROPOLE;SURFACE;2015;;10;2018-06-01T00:00:00+00:00;220;0.0;
44.8330679, -0.5978106;"{""coordinates"": [-0.5978106, 44.8330679], ""type"": ""Point""}";33063;CUBPK35;453 335 069 00010;Vélos: 45€/an ou 10€/mois;48 rue du Général Larminat 33000 Bordeaux;METPARK;2.8;6.0;10.0;0.7;20.0;9;PAYANT_TARIF_HORAIRE;125.0;;471;30;0;0;0;0;0.0;4;10.4;;8.0;5.6;20.0;1.8;2024-10-01T08:13:37+00:00;https://www.mtpk.fr/;3;0;1.4;CENTRE;707;0;231;1.8;METPARK;BORDEAUX_METROPOLE;0;NORMAL_PAYANT;0;1;0;LIBRE;Porte De Bordeaux;707;REGIE_AUTONOME;ENTERRE;1992;80.0;0;2018-06-01T00:00:00+00:00;707;1.8;
44.8494494, -0.5464421;"{""coordinates"": [-0.5464421, 44.8494494], ""type"": ""Point""}";33063;CUBPK48;80822705200012;4.5€ pour 1 à 5 passagers dans le VL;Rue Gustave Eiffel 33100 Bordeaux;KEOLIS;4.5;;0.0;4.5;4.5;8;PAYANT_TARIF_PARC_RELAIS;;0.0;0;36;0;0;0;5;0.0;1;4.5;4.5;4.5;4.5;;1.9;2024-10-01T08:11:31+00:00;https://www.infotbm.com/fr/parc-relais;0;0;4.5;CENTRE;279;0;235;1.9;TBM;BORDEAUX_METROPOLE;0;AUTRE;0;1;279;COMPLET;Parc-Relais Galin;279;DELEGATION_DE_SERVICE_PUBLIC_POUR_BORDEAUX_METROPOLE;SURFACE;2003;;36;2018-06-01T00:00:00+00:00;279;0.0;
44.853986, -0.5928029;"{""coordinates"": [-0.5928029, 44.853986], ""type"": ""Point""}";33063;CUBPK73;453 335 069 00010;Vélos: 45€/an ou 10€/mois;Impasse des Cossus 33000 Bordeaux;METPARK;2.8;6.0;10.0;0.7;20.0;2;PAYANT_TARIF_HORAIRE;100.0;;22;18;0;0;0;0;0.0;3;10.4;;8.0;5.6;20.0;1.95;2024-10-01T08:14:23+00:00;https://www.mtpk.fr/;2;0;1.4;PERIPHERIE;92;0;238;1.95;METPARK;BORDEAUX_METROPOLE;0;NORMAL_PAYANT;0;1;0;LIBRE;Nicolas Beaujon;87;REGIE_AUTONOME;SILO;2016;80.0;0;2018-06-01T00:00:00+00:00;92;1.8;
44.8731899, -0.575195;"{""coordinates"": [-0.575195, 44.8731899], ""type"": ""Point""}";33063;CUBPK52;80822705200012;4.5€ pour 1 à 5 passagers dans le VL;Rue du jonc 33000 Bordeaux;KEOLIS;4.5;;;4.5;4.5;5;PAYANT_TARIF_PARC_RELAIS;;0.0;201;0;0;0;0;5;0.0;1;4.5;4.5;4.5;4.5;;2.2;2024-10-01T08:11:31+00:00;https://www.infotbm.com/fr/parc-relais;0;0;4.5;PERIPHERIE;234;0;240;2.2;TBM;BORDEAUX_METROPOLE;0;AUTRE;0;1;234;LIBRE;Parc-Relais Les Aubiers;234;DELEGATION_DE_SERVICE_PUBLIC_POUR_BORDEAUX_METROPOLE;SURFACE;2008;;40;2018-06-01T00:00:00+00:00;234;0.0;
44.8514501, -0.5892515;"{""coordinates"": [-0.5892515, 44.8514501], ""type"": ""Point""}";33063;CUBPK37;453 335 069 00010;Abonnés seulement;Rue Croix de Seguey 33000 Bordeaux;METPARK;;;;;;2;PAYANT_RESERVE_ABONNES;115.0;;;0;0;0;0;0;0.0;1;;;;;;1.8;2024-01-16T10:30:27+00:00;https://www.mtpk.fr/;0;0;;CENTRE;51;0;241;1.8;METPARK;BORDEAUX_METROPOLE;0;NORMAL_PAYANT;0;0;0;OUVERT;Croix De Seguey;;REGIE_AUTONOME;SURFACE;2003;75.0;0;2018-06-01T00:00:00+00:00;51;1.8;
44.8451627, -0.5787155;"{""coordinates"": [-0.5787155, 44.8451627], ""type"": ""Point""}";33063;CUBPK32;453 335 069 00010;"Résidents seulement; Vélos: 45€/an ou 10€/mois";Rue Lhote 33000 Bordeaux;METPARK;;;10.0;;;5;PAYANT_RESERVE_ABONNES;125.0;;;32;0;0;0;0;0.0;4;;;;;;1.8;2024-04-17T07:40:30+00:00;https://www.mtpk.fr/;0;0;;HYPER_CENTRE;111;0;242;1.8;METPARK;BORDEAUX_METROPOLE;0;NORMAL_PAYANT;0;0;0;OUVERT;Lhote;;REGIE_AUTONOME;SILO;2004;80.0;0;2018-06-01T00:00:00+00:00;111;2.5;45.0
44.8465148, -0.5723176;"{""coordinates"": [-0.5723176, 44.8465148], ""type"": ""Point""}";33063;CUBPK110;453 335 069 00010;350€ forfait 6 mois mars à septembre - 10 emplacements réserves aux autocars;Allees de Bristol depuis quais 33000 Bordeaux;METPARK;8.0;;;2.0;39.0;0;PAYANT_TARIF_HORAIRE;60.0;;;0;0;12;0;0;0.0;1;27.0;;21.0;15.0;39.0;4.0;2024-01-16T10:54:10+00:00;https://www.mtpk.fr/nos-offres/#pros;0;0;4.0;HYPER_CENTRE;12;0;1613;4.0;METPARK;BORDEAUX_METROPOLE;0;NORMAL_PAYANT;0;0;0;OUVERT;Park Cars Tourisme Allees De Bristol Metpark;;REGIE_AUTONOME;ENCLOS;2018;;0;2022-04-21T14:21:29+00:00;0;2.5;
44.842649, -0.64766;"{""coordinates"": [-0.64766, 44.842649], ""type"": ""Point""}";33281;CUBPK39;453 335 069 00010;Vélos: 45€/an ou 10€/mois. 1h gratuite semaine +samedi 8 à 13h gratuit. Parc mixte avec places P+R abonnés;Place Charles de Gaulle 33700 Merignac;METPARK;2.0;3.0;10.0;0.0;8.0;6;PAYANT_TARIF_HORAIRE;70.0;0.0;194;55;0;0;0;0;0.0;3;8.0;;6.0;3.0;8.0;1.8;2024-10-01T08:13:26+00:00;https://www.mtpk.fr/;3;0;0.0;PERIPHERIE;280;0;266;1.8;METPARK;BORDEAUX_METROPOLE;0;NORMAL_PAYANT;0;1;84;LIBRE;Merignac Centre;280;REGIE_AUTONOME;ENTERRE;1985;50.0;20;2018-06-01T00:00:00+00:00;280;0.0;30.0
44.822314, -0.5552388;"{""coordinates"": [-0.5552388, 44.822314], ""type"": ""Point""}";33063;CUBPK108;320 229 644 05241;accès identiques pour les parkings P4 et P3 et pour ARRET MINUTE P3Belcier - Saint Jean;Rond-Point Pierre Sémard 33800 BORDEAUX;INDIGO_PARK;8.0;;;2.0;43.0;0;PAYANT_TARIF_HORAIRE;;;0;0;0;0;0;0;0.0;1;27.0;;21.0;15.0;43.0;1.88;2024-10-01T08:14:52+00:00;https://fr.parkindigo.com/parkings-france/bordeaux;0;0;4.0;CENTRE;112;0;1575;1.88;INDIGO_INFRA_FRANCE;SNCF_GARES_ET_CONNEXIONS_BAIL_45_ANS;0;NORMAL_PAYANT;0;1;0;COMPLET;Gare Saint Jean - Arret Minute P3 Belcier;103;AUTORISATION_OCCUPATION_TEMPORAIRE;SILO;2017;;0;2022-03-08T14:59:17+00:00;112;1.8;
44.8204466, -0.5556937;"{""coordinates"": [-0.5556937, 44.8204466], ""type"": ""Point""}";33063;CUBPK111;69205111300102;mise en service aout 2023;27 Rue Paul Peyrat, 33800 Bordeaux;INTERPARKING;1.0;;;0.5;10.0;10;PAYANT_TARIF_HORAIRE;99.0;;;0;0;0;0;0;0.0;5;4.0;;3.0;2.0;12.0;1.9;2024-08-21T08:37:29+00:00;https://www.interparking.fr/fr-FR/find-parking/ParkingSaintJeanARMAGNAC/;99;0;0.5;CENTRE;496;0;1663;1.9;INTERPARKING;INTERPARKING;0;NORMAL_PAYANT;0;0;0;OUVERT;Saint Jean Armagnac;;GESTION_PRIVEE;SILO;2023;99.0;7;2023-08-28T14:50:00+00:00;496;;99.0
44.8388371, -0.5548014;"{""coordinates"": [-0.5548014, 44.8388371], ""type"": ""Point""}";33063;CUBPK112;453 335 069 00010;ouverture en janvier 2024;6 rue René Buthaud 33100 Bordeaux;METPARK;2.8;6.0;;0.7;20.0;9;PAYANT_TARIF_HORAIRE;105.0;;213;0;0;0;0;0;0.0;2;10.4;;8.0;5.6;20.0;2.0;2024-10-01T08:13:46+00:00;https://www.mtpk.fr/parkings/;19;0;1.4;CENTRE;401;0;1753;2.0;METPARK;METPARK;0;NORMAL_PAYANT;0;1;0;LIBRE;Amplitude Metpark;332;REGIE_AUTONOME;SILO;2023;80.0;0;2024-01-17T10:56:15+00:00;401;1.8;45.0
